{
  "t_center": 2118.31,
  "radius": 8.0,
  "step": 0.25,
  "dps": 30,
  "zeros": [
    2110.822371848132,
    2112.907087523191,
    2113.483966448431,
    2114.39613732589,
    2115.506602794684,
    2116.900056068394,
    2117.722399441363,
    2118.618646217029,
    2119.45642846894,
    2120.691562591844,
    2122.465151174928,
    2123.344042303463,
    2124.370368737569,
    2125.512400029152,
    2125.958784840373
  ]
}