{
  "t_center": 3486.574189170793,
  "radius": 12.0,
  "step": 0.2,
  "dps": 30,
  "zeros": [
    3475.21910673275,
    3475.717792819431,
    3476.519931770807,
    3477.700190284672,
    3479.049830179214,
    3479.465965312698,
    3480.682915950611,
    3481.776396694322,
    3483.057856801383,
    3484.159388046234,
    3484.884585352892,
    3485.691497728214,
    3486.534339669457,
    3487.539477842766,
    3488.455776622254,
    3489.665123316274,
    3491.550561368236,
    3491.811099965335,
    3492.414435580418,
    3493.720613082723,
    3494.816408481537,
    3495.988931967582,
    3496.350361363769,
    3497.37296054228
  ]
}