{
  "t_center": 199.64,
  "radius": 90.0,
  "step": 0.075,
  "dps": 40,
  "zeros": [
    111.02953554317,
    111.874659176993,
    114.320220915453,
    116.226680320858,
    118.790782865976,
    121.370125002421,
    122.946829293553,
    124.256818554346,
    127.516683879596,
    129.578704199956,
    131.087688530933,
    133.497737202998,
    134.756509753374,
    138.116042054533,
    139.736208952121,
    141.123707404021,
    143.111845807621,
    146.000982486766,
    147.42276534256,
    150.053520420785,
    150.925257612241,
    153.024693811199,
    156.112909294238,
    157.597591817594,
    158.84998817142,
    161.188964137596,
    163.030709687182,
    165.5370691879,
    167.184439978175,
    169.094515415569,
    169.911976479412,
    173.411536519592,
    174.754191523366,
    176.44143429771,
    178.3774077761,
    179.916484020257,
    182.207078484366,
    184.874467848387,
    185.598783677707,
    187.228922583502,
    189.416158656017,
    192.026656360714,
    193.079726603846,
    195.265396679529,
    196.876481840958,
    198.015309676252,
    201.264751943704,
    202.493594514141,
    204.189671803105,
    205.394697202163,
    207.906258887806,
    209.576509716856,
    211.690862595365,
    213.347919359713,
    214.547044783491,
    216.169538508264,
    219.067596349021,
    220.714918839314,
    221.430705554693,
    224.007000254604,
    224.983324669582,
    227.421444279679,
    229.337413305525,
    231.250188700499,
    231.98723525318,
    233.693404178908,
    236.524229665816,
    237.769820480925,
    239.555477573328,
    241.049157796217,
    242.823271934223,
    244.070898497078,
    247.136990074898,
    248.101990060148,
    249.573689644707,
    251.014947795016,
    253.069986748,
    255.306256454914,
    256.380713694435,
    258.610439491531,
    259.874406989678,
    260.805084504597,
    263.57389390487,
    265.557851838876,
    266.614973781501,
    267.921915082824,
    269.970449023998,
    271.494055641645,
    273.459609188403,
    275.587492649344,
    276.452049503133,
    278.250743529842,
    279.229250927745,
    282.465114765052,
    283.211185733234,
    284.835963980905,
    286.667445363003,
    287.911920501422,
    289.579854929219
  ]
}