{
  "t_center": 3721.774256011696,
  "radius": 12.0,
  "step": 0.2,
  "dps": 30,
  "zeros": [
    3710.371491776773,
    3711.404818176416,
    3712.170139466612,
    3713.583581050869,
    3714.424676839816,
    3714.739333589797,
    3715.846459034949,
    3717.751095917051,
    3718.498355474487,
    3719.483495399308,
    3720.182048932696,
    3721.296040000339,
    3722.058836768196,
    3722.627320552539,
    3724.388127501142,
    3724.882319990302,
    3726.517718264919,
    3727.105295973328,
    3727.938465955541,
    3729.472791701951,
    3730.187320676354,
    3731.075159248373,
    3731.652937302642,
    3732.847475613412,
    3733.671696807126
  ]
}