{
  "t_center": 8000.0,
  "radius": 90.0,
  "step": 0.075,
  "dps": 40,
  "zeros": [
    7910.496345642478,
    7911.290474750289,
    7911.974654015074,
    7912.5218947576,
    7913.958900163054,
    7914.898228655282,
    7916.139083618642,
    7916.249620362814,
    7917.846984218912,
    7918.20629976642,
    7919.009503413645,
    7919.702077252901,
    7920.394917845037,
    7922.053034576524,
    7922.723312421271,
    7923.710141380545,
    7924.582047217102,
    7925.391338795336,
    7926.044750271576,
    7927.22785974914,
    7928.007764629538,
    7928.684234751108,
    7929.540229147085,
    7930.604941255269,
    7930.948076826018,
    7932.471666174171,
    7933.645643224238,
    7934.495415309209,
    7935.214648402931,
    7935.570718561865,
    7936.442237033274,
    7937.745180588849,
    7938.315574079557,
    7939.086639386134,
    7940.354012879287,
    7941.265683750245,
    7942.317604788917,
    7942.745097903533,
    7943.785515988011,
    7944.959519126582,
    7945.740693786376,
    7946.220788193228,
    7947.289771165853,
    7947.72960027344,
    7948.634211573244,
    7950.265470539734,
    7951.314030649733,
    7951.58485170633,
    7952.794489272235,
    7953.594656971265,
    7954.308997263479,
    7954.747608585549,
    7956.152267105716,
    7956.989578249038,
    7957.947945783215,
    7958.317455921222,
    7959.688750437559,
    7960.661379307818,
    7961.649596876388,
    7962.56254705896,
    7962.956507789986,
    7964.203600710387,
    7964.684089862521,
    7965.315678842991,
    7966.568849824009,
    7967.26610753854,
    7968.909886518724,
    7969.629440350558,
    7970.220548110803,
    7970.847928248577,
    7971.821330830948,
    7972.995331891869,
    7973.80486905625,
    7974.458129757064,
    7975.017853871008,
    7976.207792148187,
    7977.291194443747,
    7977.975322928936,
    7979.419830145944,
    7980.244153621043,
    7980.592156635668,
    7981.677158957607,
    7982.329229078085,
    7982.8567264831,
    7984.194787625831,
    7985.07846148926,
    7986.116271568622,
    7986.989921279801,
    7987.776841671903,
    7988.826884442917,
    7989.527182533595,
    7990.464730054409,
    7991.154615188094,
    7992.449601868437,
    7992.775448790286,
    7993.535520095777,
    7994.268276831976,
    7996.325873550481,
    7996.702938035545,
    7997.562596959064,
    7998.503621700132,
    7998.960515915091,
    8000.086767551567,
    8000.654289531123,
    8001.827414146494,
    8002.504226795772,
    8003.544020732095,
    8004.486900352285,
    8005.558741555966,
    8006.089452661674,
    8007.166316113007,
    8008.486686298687,
    8009.024278312771,
    8009.383936409158,
    8010.21223631968,
    8011.4693808589,
    8011.929391130554,
    8013.442022089037,
    8014.276774716247,
    8015.371885937362,
    8016.20173149031,
    8016.491199874104,
    8017.361465467249,
    8018.63782660662,
    8019.356639065829,
    8020.319689666985,
    8020.837459741009,
    8021.895481637499,
    8022.717489709397,
    8024.403582467123,
    8024.670982458976,
    8025.75245290229,
    8026.391854103009,
    8027.30587415954,
    8028.124025978592,
    8028.746401313329,
    8029.407822326108,
    8031.058009786897,
    8031.951322173809,
    8032.793383790673,
    8033.269191957557,
    8034.386240870654,
    8035.393242316708,
    8035.999510970189,
    8037.034489891821,
    8037.803468786899,
    8038.428466931309,
    8039.310951894777,
    8040.363774173746,
    8041.485092078732,
    8042.752607553648,
    8043.228211967931,
    8044.222079323645,
    8044.702036441096,
    8045.412198483427,
    8046.349100762354,
    8047.858586760629,
    8048.092532351144,
    8048.93901867155,
    8050.707855425853,
    8050.928553718142,
    8051.826700971,
    8052.854735733885,
    8053.85068369192,
    8054.632075493166,
    8055.387536444196,
    8056.043545401502,
    8056.628566090336,
    8057.849854094791,
    8059.163910470732,
    8060.41057395789,
    8060.656750843522,
    8061.432878644981,
    8062.591530739173,
    8063.10500884843,
    8064.205515208021,
    8064.758371516304,
    8065.960611559454,
    8066.852181448752,
    8067.499979187696,
    8068.480997184477,
    8069.620473525598,
    8070.895715103643,
    8071.223812048207,
    8072.006261155453,
    8072.891660955189,
    8073.661638198681,
    8074.476781796317,
    8075.212479534272,
    8076.604646442833,
    8077.693139054216,
    8078.331290952394,
    8079.345222788619,
    8080.039511695501,
    8080.371623669993,
    8082.095848368999,
    8082.72735733407,
    8083.188121262285,
    8084.353898815798,
    8084.627810373944,
    8086.389367184023,
    8087.20133296966,
    8087.989215922948,
    8089.000277331535
  ]
}