{
  "t_center": 3486.574189170793,
  "radius": 55.0,
  "step": 0.1,
  "dps": 30,
  "zeros": [
    3432.026366531869,
    3433.306331160306,
    3433.769710163679,
    3434.432930181269,
    3436.183607569709,
    3437.219161606906,
    3438.212616154325,
    3439.11243015417,
    3440.229299588557,
    3440.844025770544,
    3441.467977670071,
    3442.683392445439,
    3444.036570701737,
    3445.277432468729,
    3446.015386158298,
    3447.158925420623,
    3447.700517605005,
    3449.497002715466,
    3449.68500106448,
    3450.723487592525,
    3451.940669427532,
    3452.569816771666,
    3453.677893918423,
    3455.488799434788,
    3456.25861455929,
    3457.184172894585,
    3457.57359885784,
    3458.665410624784,
    3460.046064018949,
    3460.484230469054,
    3461.915971198494,
    3462.896732401837,
    3464.083832160314,
    3464.977695252427,
    3465.827155727127,
    3467.204403986263,
    3467.909471078216,
    3468.775551366813,
    3469.551913132634,
    3470.214108961449,
    3472.249018221316,
    3473.168763395136,
    3473.814882020019,
    3475.21910673275,
    3475.717792819431,
    3476.519931770807,
    3477.700190284672,
    3479.049830179214,
    3479.465965312698,
    3480.682915950611,
    3481.776396694322,
    3483.057856801383,
    3484.159388046234,
    3484.884585352892,
    3485.691497728214,
    3486.534339669457,
    3487.539477842766,
    3488.455776622254,
    3489.665123316274,
    3491.550561368236,
    3491.811099965335,
    3492.414435580418,
    3493.720613082723,
    3494.816408481537,
    3495.988931967582,
    3496.350361363769,
    3497.37296054228,
    3498.576136539014,
    3499.68655382113,
    3501.145919590463,
    3501.897095232891,
    3502.775867948573,
    3503.636215791511,
    3504.588927774941,
    3504.99262719505,
    3506.860778987003,
    3507.545273797332,
    3508.772500866958,
    3509.636408038273,
    3510.845083644571,
    3511.731091112826,
    3512.473586842893,
    3513.877573873797,
    3514.366752243941,
    3515.416808849641,
    3515.901814498895,
    3518.0264452394,
    3518.868409208556,
    3519.87018674023,
    3520.491665965546,
    3521.365040902682,
    3522.382212893842,
    3523.635835723509,
    3524.215220737581,
    3525.386566637037,
    3526.670256711327,
    3527.615207051,
    3528.351824582806,
    3529.955744345951,
    3530.835046797712,
    3531.201023963526,
    3532.0385088475,
    3533.32824339582,
    3534.06258828017,
    3535.772576943416,
    3536.633250705505,
    3537.708013056178,
    3538.500568907353,
    3539.089936526598,
    3540.456758807154,
    3541.357522375371
  ]
}