{
  "t_center": 1976.1272770001533,
  "radius": 90.0,
  "step": 0.075,
  "dps": 40,
  "zeros": [
    1887.05389480689,
    1887.808841416832,
    1888.938182636579,
    1890.348128614245,
    1890.612128587933,
    1891.678510539729,
    1892.867701335791,
    1894.558537572429,
    1895.697155653585,
    1896.585494347169,
    1897.513692859712,
    1898.82937281868,
    1900.006144829144,
    1900.571884272415,
    1901.8913057506,
    1902.80505920668,
    1904.089325323352,
    1906.102756198182,
    1906.597678003766,
    1907.33278012391,
    1908.433063045052,
    1909.465930025982,
    1910.733659615892,
    1911.704690943172,
    1913.182489775883,
    1914.352300051674,
    1915.054629333347,
    1916.606371839519,
    1917.344704041566,
    1918.786498909857,
    1919.207778397805,
    1919.937457371217,
    1922.101625621994,
    1923.280837936417,
    1924.055831101441,
    1925.231987975406,
    1926.211583079894,
    1926.820092794871,
    1928.41751854952,
    1929.487560180577,
    1930.258387180387,
    1931.760069436525,
    1932.875754549947,
    1934.416436369152,
    1934.907943434366,
    1935.924848803746,
    1936.873093814279,
    1937.96863349802,
    1939.050029150544,
    1940.97732670586,
    1941.82286221578,
    1942.633568692246,
    1943.367947449253,
    1945.153796306368,
    1945.922716949483,
    1946.609945361878,
    1947.917047737704,
    1949.030030073607,
    1950.743201552863,
    1951.536695873055,
    1952.850129211866,
    1953.448556325136,
    1954.418588175214,
    1955.315809283718,
    1956.848164578215,
    1958.31440355512,
    1958.851883463195,
    1960.418845269382,
    1961.359277880014,
    1962.23357184858,
    1963.621184573202,
    1964.357390938096,
    1965.377829505104,
    1966.117658574075,
    1968.471602019421,
    1969.047617546528,
    1970.305009517034,
    1970.855547579946,
    1971.970312804811,
    1973.182663405938,
    1974.34720191012,
    1975.080610302267,
    1977.17394369804,
    1977.271446199747,
    1978.801448167731,
    1980.371772287051,
    1980.910043091024,
    1981.748768897263,
    1982.663279195277,
    1983.923804622261,
    1985.416540174527,
    1986.757107716415,
    1987.873473360724,
    1988.251876807356,
    1989.702002708022,
    1990.478352526427,
    1992.001706393528,
    1992.784987875158,
    1993.57749313826,
    1995.168739611889,
    1996.796176966188,
    1997.390914059612,
    1998.279006925985,
    1999.545764176268,
    2000.434515302432,
    2000.929620689185,
    2002.896408374362,
    2004.13966923327,
    2005.077848124099,
    2005.900934885786,
    2007.125180170301,
    2008.418240330262,
    2009.17663412295,
    2010.153324767559,
    2011.02070507365,
    2012.538935477422,
    2013.872097713991,
    2015.186728608706,
    2016.029638032375,
    2016.800075655846,
    2017.386767251961,
    2019.264600216064,
    2019.884367139755,
    2021.196042768893,
    2022.545617684688,
    2023.572911777101,
    2024.488262157951,
    2025.878906202482,
    2026.738258912152,
    2027.573317055997,
    2028.58245935404,
    2029.385479550966,
    2031.750550690619,
    2032.420780856286,
    2033.01789274567,
    2034.554828788956,
    2035.077440096304,
    2036.52752648337,
    2037.217111094341,
    2038.841738250868,
    2039.443218740104,
    2040.839119673138,
    2042.344586250604,
    2043.217116563324,
    2044.121593291668,
    2045.037320859815,
    2045.802760431562,
    2047.098336345607,
    2048.454094066161,
    2049.847525605716,
    2050.906055384685,
    2051.718388196256,
    2052.407790192401,
    2054.059916898485,
    2055.180267326166,
    2055.572602899048,
    2056.620866689894,
    2058.450651118907,
    2059.448021743771,
    2060.868247208108,
    2061.367059202032,
    2062.572650919979,
    2063.283559498381,
    2064.304867699634,
    2065.832672281911
  ]
}