{
  "t_center": 109.099,
  "radius": 90.0,
  "step": 0.075,
  "dps": 40,
  "zeros": [
    21.022039638772,
    25.010857580146,
    30.424876125859,
    32.935061587739,
    37.586178158826,
    40.918719012147,
    43.327073280915,
    48.005150881167,
    49.773832477672,
    52.970321477714,
    56.446247697063,
    59.347044002602,
    60.83177852461,
    65.112544048082,
    67.079810529494,
    69.546401711174,
    72.067157674482,
    75.704690699084,
    77.144840068875,
    79.337375020249,
    82.910380854086,
    84.735492980517,
    87.425274613125,
    88.809111207634,
    92.491899270558,
    94.65134404052,
    95.870634228245,
    98.831194218194,
    101.317851005731,
    103.725538040478,
    105.446623052326,
    107.168611184276,
    111.02953554317,
    111.874659176993,
    114.320220915453,
    116.226680320858,
    118.790782865976,
    121.370125002421,
    122.946829293553,
    124.256818554346,
    127.516683879596,
    129.578704199956,
    131.087688530933,
    133.497737202998,
    134.756509753374,
    138.116042054533,
    139.736208952121,
    141.123707404021,
    143.111845807621,
    146.000982486766,
    147.42276534256,
    150.053520420785,
    150.925257612242,
    153.024693811199,
    156.112909294238,
    157.597591817594,
    158.849988171421,
    161.188964137596,
    163.030709687182,
    165.5370691879,
    167.184439978175,
    169.094515415569,
    169.911976479412,
    173.411536519592,
    174.754191523366,
    176.44143429771,
    178.3774077761,
    179.916484020257,
    182.207078484366,
    184.874467848387,
    185.598783677707,
    187.228922583502,
    189.416158656017,
    192.026656360714,
    193.079726603846,
    195.265396679529,
    196.876481840958,
    198.015309676252
  ]
}