{
  "t_center": 20000.0,
  "radius": 90.0,
  "step": 0.075,
  "dps": 40,
  "zeros": [
    19910.50931304167,
    19911.473914532777,
    19911.74619162434,
    19912.46339504703,
    19913.244093723544,
    19914.13797427484,
    19915.437842744504,
    19916.084260047974,
    19917.078598910426,
    19917.322490918545,
    19918.363167352552,
    19918.861091060615,
    19919.931415961924,
    19920.604248074436,
    19921.282930591035,
    19921.90850740218,
    19923.10942605135,
    19923.459092017605,
    19924.208690854575,
    19925.26061827012,
    19926.65531412451,
    19926.954594941722,
    19927.86283517033,
    19928.216206410652,
    19929.1150843297,
    19929.692271346896,
    19930.61479928787,
    19931.47108204854,
    19931.852977320843,
    19933.38042261942,
    19933.90472558859,
    19934.699332262244,
    19935.615086334583,
    19936.226152972595,
    19936.677717924787,
    19937.956510917174,
    19938.72910638043,
    19939.229878114325,
    19940.043394360393,
    19940.397009638116,
    19941.252074826516,
    19942.434224133824,
    19943.73724881208,
    19943.975290945185,
    19944.824545282812,
    19945.75650041007,
    19946.600702105636,
    19946.843289994562,
    19947.451567368378,
    19948.52852166321,
    19949.52338825057,
    19950.088060811002,
    19950.95555409349,
    19951.74266716969,
    19952.58712308717,
    19953.44427277393,
    19954.083928810374,
    19955.453823855984,
    19955.5901804612,
    19956.236535096024,
    19957.38326799487,
    19957.640335501274,
    19958.666032901863,
    19959.202357994873,
    19960.12528442502,
    19961.521993964125,
    19962.418690415936,
    19962.808320520977,
    19963.286462378317,
    19964.03104764584,
    19965.016690254975,
    19965.92622947025,
    19966.426150105763,
    19967.340174240933,
    19967.991510374253,
    19968.602706582475,
    19969.810631527238,
    19970.426475643013,
    19971.313054999664,
    19972.35581310679,
    19972.962355287236,
    19973.771643653497,
    19974.22019834601,
    19975.21263857373,
    19975.762130891264,
    19975.961664122253,
    19977.617885973654,
    19978.371869732022,
    19979.05176830021,
    19979.973821199026,
    19980.70895376934,
    19981.556368880883,
    19982.044283372124,
    19982.972385561363,
    19983.538358781894,
    19984.70065300556,
    19985.412022096396,
    19985.65317066758,
    19986.586794583367,
    19987.221167849842,
    19988.6796638311,
    19989.481366969107,
    19990.14105911248,
    19990.97594853594,
    19991.483201202616,
    19992.09887727318,
    19992.90763528167,
    19993.811760423137,
    19994.377365054854,
    19995.358500800205,
    19995.939540217354,
    19997.300550429092,
    19998.0263911551,
    19998.24963502375,
    19999.275621078457,
    20000.128165335744,
    20001.194127416755,
    20001.967612078537,
    20002.113126661985,
    20002.796489266948,
    20003.871410753258,
    20004.64528155169,
    20005.082037619315,
    20006.69842648717,
    20007.298211618872,
    20008.058429786935,
    20008.780338944467,
    20009.5543001467,
    20009.974296084532,
    20010.73962412958,
    20011.68696027308,
    20012.62142502213,
    20013.25585459554,
    20013.975876964898,
    20014.736556230244,
    20015.485784403143,
    20016.785059681104,
    20017.460596330755,
    20018.04755964844,
    20018.68706141971,
    20019.919183226382,
    20020.156753671203,
    20020.922438746762,
    20021.72853176448,
    20022.05653893923,
    20023.483938379235,
    20024.659948829445,
    20025.085241718443,
    20025.945417215553,
    20026.529858396614,
    20027.336548062995,
    20028.01316479689,
    20028.945887771362,
    20029.846528845672,
    20030.25897672821,
    20031.067858083705,
    20031.7863791591,
    20032.641486306245,
    20033.831538305225,
    20034.057083097643,
    20035.662702164984,
    20036.182512124877,
    20036.76885987806,
    20037.424720015413,
    20037.953263469506,
    20038.765155886358,
    20039.674347999964,
    20040.580500324075,
    20041.20376054261,
    20042.087967536536,
    20043.22389195014,
    20043.978308906662,
    20044.297839544437,
    20045.14645191098,
    20046.24830321616,
    20046.902156518576,
    20047.44168526228,
    20048.560056810886,
    20049.06140043833,
    20049.361022736797,
    20050.30053885853,
    20051.742558982573,
    20052.59683363008,
    20053.421580376773,
    20053.773098088554,
    20054.4585134054,
    20055.67552133937,
    20055.96173576585,
    20056.676324303342,
    20057.49109656106,
    20058.428415813512,
    20059.473195781844,
    20059.891664657167,
    20060.702502012056,
    20061.95628416865,
    20062.109790934417,
    20063.669360196902,
    20063.911032290816,
    20064.826867204458,
    20065.496779037356,
    20066.025676359313,
    20066.899459947308,
    20067.478888484467,
    20068.48945909686,
    20069.36925672533,
    20070.624640805654,
    20071.04094252787,
    20072.08995446511,
    20072.483511033286,
    20072.987381062245,
    20073.784379837634,
    20075.300984642556,
    20075.53141194451,
    20076.24152690477,
    20076.80505137668,
    20077.879278929184,
    20078.704736449356,
    20079.65858231503,
    20080.48450780961,
    20081.188915848186,
    20082.112162028898,
    20082.686051250297,
    20083.448849444452,
    20083.842473663128,
    20084.705044971575,
    20085.53175200492,
    20086.287907442573,
    20087.727345597195,
    20088.208097427487,
    20088.87424041469,
    20089.5479672093
  ]
}