{
  "t_center": 1042.6305220883537,
  "radius": 90.0,
  "step": 0.075,
  "dps": 40,
  "zeros": [
    952.727988619851,
    954.129719269552,
    954.829308938217,
    956.67547934329,
    957.510052596424,
    958.414593390136,
    959.459168807068,
    961.669572474193,
    963.182086671311,
    963.567040191612,
    965.055579623751,
    966.11075481841,
    967.371153766263,
    968.636301906087,
    970.125610556941,
    971.071491486386,
    973.185361294301,
    973.873078992654,
    974.774635065837,
    976.17850242059,
    976.917202117051,
    978.766671535113,
    980.578000639774,
    981.288615301759,
    982.396485168779,
    983.575076006431,
    985.186928655773,
    986.130515110184,
    986.756008407656,
    988.992622370658,
    990.223917804028,
    991.374294147761,
    992.728696336733,
    993.214580957443,
    994.404590571095,
    996.205336164298,
    997.511934751939,
    998.82754713693,
    999.791571557413,
    1001.349482637783,
    1002.404305488392,
    1003.267808179453,
    1004.675044121173,
    1005.543420304378,
    1008.006704307064,
    1008.795709900742,
    1009.806590746965,
    1010.569757011061,
    1012.410042515762,
    1013.058638098409,
    1014.68963262237,
    1016.060178942647,
    1017.266402364355,
    1018.60557251862,
    1019.912439743944,
    1020.917475017264,
    1021.544344499905,
    1022.885270911716,
    1025.265724197728,
    1025.707944371463,
    1027.467693515588,
    1028.128964255498,
    1029.227297443962,
    1030.897368790596,
    1031.833180297408,
    1032.812883035159,
    1034.612915529521,
    1036.195917358055,
    1037.024707646282,
    1038.087752240619,
    1039.077401436897,
    1040.264037937696,
    1041.621528014542,
    1043.623954349621,
    1044.514975829079,
    1045.107042352978,
    1047.089817484295,
    1047.9871474896,
    1048.953785194686,
    1049.996284256593,
    1051.576571843205,
    1053.245785158386,
    1054.781039478281,
    1055.002146475686,
    1056.688847363828,
    1057.100043659618,
    1059.133769106897,
    1060.139518561608,
    1061.501304465069,
    1062.915381507881,
    1064.071551071719,
    1065.121855106293,
    1066.463223469243,
    1067.418860120964,
    1067.990000079043,
    1070.535041996829,
    1071.618623215089,
    1072.543998011121,
    1073.570353165094,
    1074.747771044311,
    1076.266625594177,
    1076.924056065754,
    1078.647198480956,
    1079.809965429259,
    1081.171002343468,
    1082.95274972307,
    1083.295466514086,
    1084.18326431043,
    1085.647831208639,
    1086.911998989825,
    1088.755724674809,
    1089.795337924075,
    1090.863191026249,
    1091.728472966937,
    1093.440873272369,
    1094.284457523754,
    1095.433084758662,
    1096.401917794743,
    1098.84101546665,
    1099.360667178572,
    1100.574460622463,
    1101.839111168756,
    1102.551779899918,
    1103.732297174547,
    1105.617188830762,
    1106.774371675833,
    1107.77453195501,
    1109.158918856766,
    1110.444142993613,
    1111.4435047649,
    1112.432995408076,
    1113.397595114802,
    1115.065359461566,
    1116.787253881214,
    1117.9659196692,
    1118.684134861018,
    1119.473247426179,
    1121.15593767581,
    1122.45862135688,
    1123.101117387809,
    1125.314729397846,
    1125.763442429252,
    1127.658023527216,
    1128.430224613893,
    1129.728996777066,
    1130.391597896232,
    1131.495085561917
  ]
}