{
  "t_center": 2974.156626506024,
  "radius": 90.0,
  "step": 0.075,
  "dps": 40,
  "zeros": [
    2884.346757790143,
    2885.773055402722,
    2886.308874639773,
    2887.224885507061,
    2888.394382456172,
    2889.404168047578,
    2890.642626361553,
    2891.280078215455,
    2892.462624016639,
    2894.174448736821,
    2894.746550356225,
    2895.641103861972,
    2896.825405168248,
    2897.428300566969,
    2898.541353179908,
    2899.177779836548,
    2901.263850361997,
    2902.065102481251,
    2902.855785528508,
    2903.957879043037,
    2904.598196021988,
    2906.176417596628,
    2906.923339342985,
    2907.60573691121,
    2908.658045519743,
    2910.028233435047,
    2911.14290366458,
    2912.345904726056,
    2913.522785866686,
    2914.044611072103,
    2914.802702223864,
    2915.685975327455,
    2917.274173441488,
    2917.982416701912,
    2919.321772326527,
    2920.615555992142,
    2921.08319893726,
    2922.396084557395,
    2923.390932357376,
    2924.333434993952,
    2925.261509119313,
    2926.295436226225,
    2926.624014686466,
    2928.761073846998,
    2930.004366371979,
    2930.711168697389,
    2931.069101109815,
    2932.806414415832,
    2933.174857162008,
    2934.290717835788,
    2935.552463705748,
    2936.550374848602,
    2937.708958981569,
    2938.581220350578,
    2939.847529162594,
    2941.261601534688,
    2941.425217756342,
    2942.724885865147,
    2943.353684960179,
    2944.321648794484,
    2945.944499285887,
    2946.922394896188,
    2948.37426186469,
    2948.867577209395,
    2949.790143025786,
    2950.521108352418,
    2952.283829638947,
    2952.827176583512,
    2953.589030993759,
    2954.711275290933,
    2956.258730424157,
    2957.236259246843,
    2958.290776254197,
    2959.221014234688,
    2960.033617812009,
    2960.814839266221,
    2961.825970575349,
    2962.819636335282,
    2964.633921494808,
    2965.398341584291,
    2966.065269745648,
    2967.270190426496,
    2968.405348995408,
    2969.401136655699,
    2970.049930110914,
    2971.122238124934,
    2972.308884109068,
    2972.811686391357,
    2975.018020412781,
    2975.619957166154,
    2976.526232137095,
    2977.553574913471,
    2977.9819785126,
    2979.319042212011,
    2980.487381006559,
    2981.343947481811,
    2982.523719895925,
    2983.825333266519,
    2984.639177804446,
    2985.547666235421,
    2986.805393383298,
    2987.856151502432,
    2988.634699666939,
    2988.855046367446,
    2990.423270573699,
    2992.163668675063,
    2992.868866378301,
    2993.974353092848,
    2994.865507046754,
    2995.540266915502,
    2996.736506016222,
    2997.647203114443,
    2998.959301098029,
    2999.494492994595,
    3001.02333116288,
    3001.707332456021,
    3003.477042852711,
    3004.290975917311,
    3004.662308408249,
    3005.772929284508,
    3006.990738364633,
    3007.468699216471,
    3008.882120872393,
    3010.514962129244,
    3011.344380180512,
    3012.074694785867,
    3012.788450548678,
    3014.459082206682,
    3014.91166650273,
    3016.348394169978,
    3016.700060812629,
    3017.783440191593,
    3019.461775780366,
    3020.487633896939,
    3021.420400692511,
    3022.447483793126,
    3023.338509067941,
    3023.930996073902,
    3024.793963871218,
    3026.510826907846,
    3027.299522807341,
    3028.40152252863,
    3029.499388369682,
    3030.594529650982,
    3031.289217468061,
    3032.756029360225,
    3033.218123972953,
    3034.360907192327,
    3035.074103947538,
    3036.133113238208,
    3037.980383590469,
    3039.03365104421,
    3039.521601571572,
    3040.50042756466,
    3041.2568035495,
    3042.653049854131,
    3043.67054162177,
    3044.055127981915,
    3046.050030224877,
    3046.454504219289,
    3047.70881764089,
    3048.922632490405,
    3050.019676757212,
    3050.801233315721,
    3051.342383341481,
    3052.476848524261,
    3053.348265936952,
    3054.986520866537,
    3056.242923309731,
    3056.765138112965,
    3058.013703009702,
    3058.901494693165,
    3059.437861758112,
    3061.062700117591,
    3061.837584445268,
    3062.72687316464,
    3063.435086485018
  ]
}