{
  "t_center": 3045.122501356521,
  "radius": 90.0,
  "step": 0.075,
  "dps": 40,
  "zeros": [
    2956.258730424157,
    2957.236259246843,
    2958.290776254197,
    2959.221014234688,
    2960.033617812009,
    2960.814839266221,
    2961.825970575349,
    2962.819636335282,
    2964.633921494808,
    2965.398341584291,
    2966.065269745648,
    2967.270190426496,
    2968.405348995408,
    2969.401136655699,
    2970.049930110914,
    2971.122238124934,
    2972.308884109068,
    2972.811686391357,
    2975.018020412781,
    2975.619957166154,
    2976.526232137095,
    2977.553574913471,
    2977.9819785126,
    2979.319042212011,
    2980.487381006559,
    2981.343947481811,
    2982.523719895925,
    2983.825333266519,
    2984.639177804446,
    2985.547666235421,
    2986.805393383298,
    2987.856151502432,
    2988.634699666939,
    2988.855046367446,
    2990.423270573699,
    2992.163668675063,
    2992.868866378301,
    2993.974353092848,
    2994.865507046754,
    2995.540266915502,
    2996.736506016222,
    2997.647203114443,
    2998.959301098029,
    2999.494492994595,
    3001.02333116288,
    3001.707332456021,
    3003.477042852711,
    3004.290975917311,
    3004.662308408249,
    3005.772929284508,
    3006.990738364633,
    3007.468699216471,
    3008.882120872393,
    3010.514962129244,
    3011.344380180512,
    3012.074694785867,
    3012.788450548678,
    3014.459082206682,
    3014.91166650273,
    3016.348394169978,
    3016.700060812629,
    3017.783440191593,
    3019.461775780366,
    3020.487633896939,
    3021.420400692511,
    3022.447483793126,
    3023.338509067941,
    3023.930996073902,
    3024.793963871218,
    3026.510826907846,
    3027.299522807341,
    3028.40152252863,
    3029.499388369682,
    3030.594529650982,
    3031.289217468061,
    3032.756029360225,
    3033.218123972953,
    3034.360907192327,
    3035.074103947538,
    3036.133113238208,
    3037.980383590469,
    3039.03365104421,
    3039.521601571572,
    3040.50042756466,
    3041.2568035495,
    3042.653049854131,
    3043.67054162177,
    3044.055127981915,
    3046.050030224877,
    3046.454504219289,
    3047.70881764089,
    3048.922632490405,
    3050.019676757212,
    3050.801233315721,
    3051.342383341481,
    3052.476848524261,
    3053.348265936952,
    3054.986520866537,
    3056.242923309731,
    3056.765138112965,
    3058.013703009702,
    3058.901494693165,
    3059.437861758112,
    3061.062700117591,
    3061.837584445268,
    3062.72687316464,
    3063.435086485018,
    3065.286555585297,
    3066.320250404096,
    3067.071320241176,
    3068.013501341796,
    3068.984266185526,
    3069.782904779768,
    3070.542621549808,
    3072.000993377916,
    3073.185237779943,
    3074.52349428521,
    3075.03387287741,
    3075.833479242464,
    3077.427473306812,
    3078.28622691797,
    3078.897379147135,
    3079.871394642813,
    3080.856382341973,
    3082.163163759072,
    3083.361357990431,
    3084.838451504294,
    3085.377268993634,
    3085.965522259311,
    3087.018815358645,
    3088.08343704204,
    3089.222308944518,
    3090.282194902935,
    3091.154469698494,
    3092.687667040027,
    3093.185445717524,
    3094.833068430116,
    3095.132031239454,
    3096.515485512937,
    3097.342606530991,
    3098.038354972965,
    3098.758089848813,
    3101.079373086579,
    3101.657370790145,
    3102.436089122718,
    3103.589916059588,
    3104.362546341634,
    3105.391402369858,
    3106.396352646056,
    3107.484255857024,
    3108.303596266206,
    3109.533099790357,
    3110.557200380325,
    3111.92072771409,
    3112.840737859373,
    3113.755213669487,
    3114.473416203572,
    3115.002672413545,
    3116.720450815901,
    3117.269723386899,
    3118.955013666125,
    3119.957556604339,
    3120.986214975677,
    3121.337219762926,
    3122.610128875348,
    3124.15022516433,
    3124.525922645768,
    3125.37444147211,
    3126.45011643482,
    3127.693012373443,
    3129.468612609748,
    3129.79620550542,
    3130.877663729774,
    3131.861090216302,
    3132.698331366238,
    3133.398883822981,
    3134.635445901257
  ]
}