{
  "t_center": 199.64,
  "radius": 50.0,
  "step": 0.1,
  "dps": 30,
  "zeros": [
    150.053520420785,
    150.925257612242,
    153.024693811199,
    156.112909294238,
    157.597591817594,
    158.84998817142,
    161.188964137596,
    163.030709687182,
    165.5370691879,
    167.184439978175,
    169.094515415569,
    169.911976479412,
    173.411536519592,
    174.754191523366,
    176.44143429771,
    178.3774077761,
    179.916484020257,
    182.207078484366,
    184.874467848387,
    185.598783677707,
    187.228922583502,
    189.416158656017,
    192.026656360714,
    193.079726603846,
    195.265396679529,
    196.876481840958,
    198.015309676252,
    201.264751943704,
    202.493594514141,
    204.189671803105,
    205.394697202163,
    207.906258887806,
    209.576509716856,
    211.690862595365,
    213.347919359713,
    214.547044783491,
    216.169538508264,
    219.067596349021,
    220.714918839314,
    221.430705554693,
    224.007000254604,
    224.983324669582,
    227.421444279679,
    229.337413305525,
    231.250188700499,
    231.98723525318,
    233.693404178908,
    236.524229665816,
    237.769820480925,
    239.555477573328,
    241.049157796217,
    242.823271934223,
    244.070898497078,
    247.136990074897,
    248.101990060148,
    249.573689644707
  ]
}