{
  "t_center": 5004.5607342274,
  "radius": 90.0,
  "step": 0.075,
  "dps": 40,
  "zeros": [
    4914.792645831574,
    4915.700240689561,
    4916.332164477559,
    4917.230780504244,
    4917.80753504285,
    4919.487036337099,
    4919.88932505208,
    4920.84043054364,
    4921.970590627643,
    4922.718991373757,
    4924.317098249989,
    4925.077606689329,
    4925.795026681426,
    4926.727642209651,
    4927.597951290636,
    4928.526064803158,
    4928.957136245708,
    4930.240318442929,
    4932.036812774139,
    4932.600670527041,
    4933.068125843811,
    4934.352289122013,
    4935.200994249788,
    4936.133949523506,
    4937.207162985993,
    4937.770365700218,
    4938.753815526294,
    4939.641724784708,
    4940.852294862652,
    4942.135528578192,
    4942.976896462189,
    4943.977866731886,
    4944.641603020049,
    4945.186898517928,
    4946.119253478644,
    4947.500490321847,
    4948.389808797441,
    4949.085915385103,
    4950.615812591259,
    4951.502384929287,
    4951.878797918171,
    4953.200555668674,
    4954.255067679665,
    4954.976576379404,
    4955.822259816117,
    4956.466055278855,
    4957.331889630292,
    4959.028989320632,
    4960.163928407694,
    4960.758090264619,
    4961.688462943186,
    4962.261952448163,
    4963.526118617487,
    4964.307031405169,
    4964.925235089608,
    4966.633216269865,
    4966.868645587163,
    4968.394640927227,
    4968.836094655104,
    4970.479982679448,
    4971.33924555621,
    4971.824996149397,
    4972.713491617353,
    4973.711578032458,
    4974.430478147271,
    4975.310997142413,
    4976.96403407755,
    4977.755154086708,
    4978.847855753176,
    4979.580892326638,
    4980.118762529119,
    4981.192703747711,
    4982.512361526238,
    4983.22502731462,
    4983.979975829912,
    4984.56854357452,
    4986.252566835805,
    4987.187900982755,
    4988.191597307574,
    4988.905166592147,
    4990.345480286356,
    4990.449701819018,
    4991.214774408587,
    4992.379462341421,
    4993.495748983814,
    4994.632742172267,
    4995.879247704657,
    4996.220820876864,
    4997.3961507071,
    4998.370030195672,
    4999.329681372974,
    5000.234316931328,
    5000.834381432413,
    5001.889773627192,
    5002.854002891858,
    5003.484944378311,
    5005.495907487708,
    5006.208381106211,
    5006.788558806102,
    5007.485982919852,
    5008.626199656303,
    5009.229044117223,
    5010.811172544729,
    5010.93319810604,
    5012.396833739676,
    5013.533605873148,
    5014.238442056198,
    5015.357927937939,
    5016.192546914328,
    5017.347756568168,
    5018.084913547671,
    5018.939831850466,
    5019.395831473357,
    5020.352759395484,
    5022.20302298378,
    5022.834526019187,
    5023.904889141233,
    5024.725752594868,
    5025.730993593628,
    5026.185476882352,
    5027.221563711044,
    5028.537886820897,
    5029.216956939055,
    5030.026936938537,
    5030.967858186768,
    5032.399063540915,
    5033.166566080199,
    5034.550361163016,
    5035.013416408852,
    5035.523058437431,
    5036.841667107008,
    5037.500692756887,
    5038.324319636722,
    5039.621887452849,
    5041.041398993812,
    5041.798034522457,
    5042.492149716432,
    5043.015445393967,
    5044.656791091315,
    5045.467130480167,
    5045.941675502014,
    5046.99761743001,
    5047.863086184185,
    5048.790228819727,
    5050.308459699165,
    5051.106699533686,
    5052.279310472944,
    5052.772155289673,
    5053.712365319994,
    5054.43454734337,
    5055.192672473444,
    5056.605813079879,
    5057.589996235894,
    5058.345409417077,
    5059.439905818899,
    5060.55908091502,
    5061.326249329028,
    5062.168472726691,
    5063.182715937442,
    5064.333813619172,
    5064.6289729685,
    5065.480124960544,
    5066.576539184778,
    5068.384815238836,
    5069.095935944008,
    5069.675544138525,
    5070.868551265876,
    5071.249797277138,
    5072.410372660584,
    5073.482256176994,
    5074.356062041534,
    5074.911470242947,
    5076.59863794778,
    5077.152989530738,
    5078.001109183258,
    5079.612726167141,
    5080.123622144014,
    5081.13009777062,
    5081.694344429823,
    5082.317781511685,
    5083.769848918961,
    5084.387439340744,
    5085.944230786497,
    5086.999761578076,
    5087.53266893776,
    5088.598901322011,
    5089.178093913299,
    5090.345876811558,
    5091.262957883619,
    5092.401941911388,
    5092.837760452183,
    5093.668880110627
  ]
}