{
  "t_center": 27.7179,
  "radius": 90.0,
  "step": 0.075,
  "dps": 40,
  "zeros": [
    -60.83177852461,
    -59.347044002602,
    -56.446247697063,
    -52.970321477714,
    -49.773832477672,
    -48.005150881167,
    -43.327073280915,
    -40.918719012148,
    -37.586178158826,
    -32.935061587739,
    -30.42487612586,
    -25.010857580146,
    -21.022039638772,
    -14.134725141735,
    14.134725141735,
    21.022039638772,
    25.010857580146,
    30.424876125859,
    32.935061587739,
    37.586178158826,
    40.918719012148,
    43.327073280915,
    48.005150881167,
    49.773832477672,
    52.970321477714,
    56.446247697063,
    59.347044002602,
    60.83177852461,
    65.112544048082,
    67.079810529494,
    69.546401711174,
    72.067157674482,
    75.704690699084,
    77.144840068875,
    79.337375020249,
    82.910380854086,
    84.735492980517,
    87.425274613125,
    88.809111207634,
    92.491899270558,
    94.65134404052,
    95.870634228245,
    98.831194218194,
    101.317851005731,
    103.725538040478,
    105.446623052326,
    107.168611184276,
    111.02953554317,
    111.874659176993,
    114.320220915453,
    116.226680320858
  ]
}