{
  "t_center": 2118.31,
  "radius": 12.0,
  "step": 0.2,
  "dps": 30,
  "zeros": [
    2107.172362432443,
    2107.617911407514,
    2108.938384889016,
    2109.963143181268,
    2110.822371848132,
    2112.907087523191,
    2113.483966448431,
    2114.39613732589,
    2115.506602794684,
    2116.900056068394,
    2117.722399441363,
    2118.618646217029,
    2119.45642846894,
    2120.691562591844,
    2122.465151174928,
    2123.344042303463,
    2124.370368737569,
    2125.512400029152,
    2125.958784840373,
    2126.975711192558,
    2128.752290554263,
    2129.406080228328
  ]
}