{
  "t_center": 27.7179,
  "radius": 50.0,
  "step": 0.1,
  "dps": 30,
  "zeros": [
    -21.022039638772,
    -14.134725141735,
    14.134725141735,
    21.022039638772,
    25.010857580146,
    30.42487612586,
    32.935061587739,
    37.586178158826,
    40.918719012147,
    43.327073280915,
    48.005150881167,
    49.773832477672,
    52.970321477714,
    56.446247697063,
    59.347044002602,
    60.83177852461,
    65.112544048082,
    67.079810529494,
    69.546401711174,
    72.067157674482,
    75.704690699084,
    77.144840068875
  ]
}