{
  "t_center": 11992.80790048913,
  "radius": 90.0,
  "step": 0.075,
  "dps": 40,
  "zeros": [
    11902.938616667649,
    11903.778502422127,
    11904.309205599064,
    11905.158959262197,
    11905.96857347147,
    11906.264638840716,
    11907.631929868938,
    11908.498236921441,
    11909.096229235038,
    11909.996651678164,
    11910.448398529144,
    11911.984722017067,
    11912.713504606232,
    11913.545873693427,
    11914.236217785048,
    11915.345212157205,
    11916.031564657678,
    11916.63753412852,
    11916.963588448682,
    11918.15690788929,
    11919.050516561172,
    11920.359152537978,
    11921.107763332544,
    11921.698861609711,
    11922.676121958608,
    11923.545213287824,
    11923.884751953381,
    11925.434593630653,
    11925.711081996407,
    11926.506381547326,
    11927.421214646725,
    11928.36915789493,
    11928.792671155843,
    11930.054282615725,
    11931.47587168527,
    11932.017728482522,
    11932.483520739239,
    11933.375705732713,
    11933.941588472942,
    11934.844290703772,
    11936.00293175973,
    11936.287078680998,
    11937.41902412935,
    11938.596292690258,
    11939.388764794214,
    11940.014036946432,
    11940.84476666628,
    11941.70782449795,
    11942.812047150004,
    11943.300189102469,
    11944.322587505212,
    11944.78666839124,
    11945.386608266082,
    11946.312276933753,
    11947.87995821616,
    11948.580799142117,
    11949.28520778194,
    11950.254900744865,
    11950.82980445131,
    11951.81122228819,
    11952.20968576728,
    11952.960306964218,
    11954.421185941701,
    11955.023412260976,
    11955.541134999283,
    11956.555457190261,
    11957.758769730535,
    11958.257553675623,
    11959.536021794582,
    11960.162455760812,
    11960.805889167885,
    11961.613634377889,
    11962.319599804032,
    11963.251804687567,
    11963.624257005202,
    11964.944833467307,
    11965.988881517445,
    11967.175865454687,
    11967.81809243924,
    11968.040374778499,
    11968.842396631779,
    11970.19877980389,
    11970.8401898702,
    11971.635902190632,
    11972.345517261761,
    11972.919021523092,
    11974.256240363222,
    11974.75047147318,
    11976.019330409432,
    11976.82145438902,
    11977.819319444407,
    11978.509131597642,
    11978.911285645558,
    11979.940309418384,
    11980.42098079126,
    11981.319280797266,
    11982.469856790987,
    11983.459171683386,
    11984.183258311816,
    11984.988215184581,
    11985.931732888585,
    11986.792588478565,
    11987.366016655003,
    11988.187893636245,
    11989.319036985311,
    11989.988077171456,
    11990.449375527878,
    11991.496381630328,
    11991.819501599744,
    11993.796299378515,
    11994.532032031562,
    11994.879295475359,
    11995.906634142651,
    11996.762742881725,
    11997.108831357607,
    11998.11155214487,
    11998.999009181218,
    12000.025166873562,
    12000.323019630687,
    12001.869294487387,
    12002.44917958132,
    12003.313330276138,
    12003.982840677068,
    12005.09920854137,
    12006.167037036059,
    12006.617064268052,
    12007.259470529363,
    12007.79546339414,
    12008.916031332825,
    12009.747408296418,
    12010.588562317254,
    12012.070663675899,
    12012.518293887319,
    12013.537023027358,
    12013.995197223863,
    12014.748040691058,
    12015.512907274457,
    12016.696171540243,
    12017.270436772673,
    12018.329635523995,
    12018.726114124336,
    12019.65958677778,
    12020.816913276925,
    12021.78883792587,
    12022.725052428304,
    12023.347085881374,
    12023.834360701683,
    12025.095510869563,
    12025.640696810064,
    12026.19096814016,
    12026.80783387899,
    12028.298394056317,
    12029.363580048055,
    12030.008967155867,
    12030.743901893977,
    12031.539411458558,
    12032.295755402862,
    12033.296061142424,
    12034.1983458219,
    12034.580487905183,
    12035.753931163366,
    12036.353148556555,
    12036.827198924657,
    12038.449034730005,
    12038.8517805429,
    12040.285833732712,
    12040.975618531404,
    12041.697833198657,
    12042.161707985222,
    12042.856800864884,
    12043.7573859384,
    12044.820984560367,
    12045.750096422413,
    12046.150600494457,
    12047.41129977928,
    12048.483047504811,
    12049.143757820337,
    12049.522909915253,
    12050.830067697261,
    12051.6601263187,
    12052.423908764566,
    12052.92633003529,
    12053.901723853705,
    12054.332767289641,
    12055.276252463202,
    12056.842396175107,
    12057.694841025994,
    12058.327240722097,
    12058.799271368494,
    12059.92053799221,
    12060.60813731303,
    12061.206772059908,
    12062.260842624066,
    12062.855111875797,
    12064.088547044634,
    12064.670595123247,
    12065.594501424475,
    12066.207581624843,
    12067.854959881824,
    12068.12896054922,
    12069.01714325232,
    12069.940133118616,
    12070.391933188741,
    12071.171150777649,
    12072.102551817523,
    12072.72590783404,
    12073.88396680697,
    12075.149613615045,
    12075.688758576143,
    12076.799243730424,
    12077.053698200802,
    12078.040067392452,
    12078.58025757402,
    12080.131340932701,
    12080.771125087329,
    12080.927685265262,
    12081.834601708055
  ]
}