{
  "t_center": 3105.6383747282825,
  "radius": 12.0,
  "step": 0.2,
  "dps": 30,
  "zeros": [
    3094.833068430116,
    3095.132031239454,
    3096.515485512937,
    3097.342606530991,
    3098.038354972965,
    3098.758089848813,
    3101.079373086579,
    3101.657370790145,
    3102.436089122718,
    3103.589916059588,
    3104.362546341634,
    3105.391402369858,
    3106.396352646056,
    3107.484255857024,
    3108.303596266206,
    3109.533099790357,
    3110.557200380325,
    3111.92072771409,
    3112.840737859373,
    3113.755213669487,
    3114.473416203572,
    3115.002672413545,
    3116.720450815901,
    3117.269723386899
  ]
}