{
  "t_center": 171.662,
  "radius": 50.0,
  "step": 0.1,
  "dps": 30,
  "zeros": [
    122.946829293553,
    124.256818554346,
    127.516683879597,
    129.578704199956,
    131.087688530933,
    133.497737202998,
    134.756509753374,
    138.116042054533,
    139.736208952121,
    141.123707404021,
    143.111845807621,
    146.000982486766,
    147.42276534256,
    150.053520420785,
    150.925257612241,
    153.024693811199,
    156.112909294238,
    157.597591817594,
    158.849988171421,
    161.188964137596,
    163.030709687182,
    165.5370691879,
    167.184439978175,
    169.094515415569,
    169.911976479412,
    173.411536519592,
    174.754191523366,
    176.44143429771,
    178.3774077761,
    179.916484020257,
    182.207078484366,
    184.874467848387,
    185.598783677707,
    187.228922583502,
    189.416158656017,
    192.026656360714,
    193.079726603846,
    195.265396679529,
    196.876481840958,
    198.015309676252,
    201.264751943704,
    202.493594514141,
    204.189671803105,
    205.394697202163,
    207.906258887806,
    209.576509716856,
    211.690862595365,
    213.347919359713,
    214.547044783491,
    216.169538508264,
    219.067596349021,
    220.714918839314,
    221.430705554693
  ]
}