{
  "lo": 550.0,
  "hi": 1450.0,
  "step": 0.05,
  "dps": 30,
  "bisect_dps": 40,
  "n_grid": 18001,
  "n_brackets": 721,
  "n_zeros": 721,
  "t_eval_s": 17.148507595062256,
  "t_bisect_s": 16.767555713653564,
  "elapsed_s": 33.92050218582153,
  "out_path": "out/zero_bands/zeros_T1e3.txt",
  "name": "zeros_T1e3.txt",
  "band_lo": 800.0,
  "band_hi": 1200.0,
  "pad": 250.0
}