{
  "lo": 7750.0,
  "hi": 12250.0,
  "step": 0.05,
  "dps": 30,
  "bisect_dps": 40,
  "n_grid": 90001,
  "n_brackets": 5274,
  "n_zeros": 5274,
  "t_eval_s": 298.3875982761383,
  "t_bisect_s": 515.3363738059998,
  "elapsed_s": 813.7430477142334,
  "out_path": "out/zero_bands/zeros_T1e4.txt",
  "name": "zeros_T1e4.txt",
  "band_lo": 8000.0,
  "band_hi": 12000.0,
  "pad": 250.0
}