{
  "lo": 94750.0,
  "hi": 105250.0,
  "step": 0.05,
  "dps": 30,
  "bisect_dps": 40,
  "n_grid": 210001,
  "n_brackets": 16166,
  "n_zeros": 16166,
  "t_eval_s": 687.0465714931488,
  "t_bisect_s": 1611.2146906852722,
  "elapsed_s": 2298.309948682785,
  "out_path": "out/zero_bands/zeros_T1e5.txt",
  "name": "zeros_T1e5.txt",
  "band_lo": 95000.0,
  "band_hi": 105000.0,
  "pad": 250.0
}