{
  "t_center": 3721.774256011696,
  "radius": 55.0,
  "step": 0.1,
  "dps": 30,
  "zeros": [
    3667.307339233034,
    3667.735638945523,
    3669.030191157442,
    3669.423746308954,
    3670.731997269178,
    3672.349351294876,
    3673.159176144119,
    3674.087608956143,
    3675.262610129656,
    3675.662484245629,
    3676.368938137253,
    3677.893295662795,
    3678.847783056965,
    3679.818311649508,
    3680.583983908415,
    3682.418731435668,
    3682.571730549068,
    3683.971024203511,
    3684.859893088268,
    3685.974442142428,
    3686.271337180935,
    3687.538413759766,
    3688.177027971996,
    3690.18425811103,
    3691.039162252975,
    3691.756939721431,
    3692.647653927346,
    3693.370984735038,
    3694.791126717894,
    3695.672790133181,
    3696.121982633589,
    3697.585963644992,
    3698.547362766514,
    3699.43029263065,
    3700.83831675963,
    3702.050756987915,
    3702.460155933213,
    3703.347476075603,
    3704.209894383,
    3705.129228187902,
    3706.294721355963,
    3707.579055361439,
    3708.658452868782,
    3709.582271723353,
    3710.371491776773,
    3711.404818176416,
    3712.170139466612,
    3713.583581050869,
    3714.424676839816,
    3714.739333589797,
    3715.846459034949,
    3717.751095917051,
    3718.498355474487,
    3719.483495399308,
    3720.182048932696,
    3721.296040000339,
    3722.058836768196,
    3722.627320552539,
    3724.388127501142,
    3724.882319990302,
    3726.517718264919,
    3727.105295973328,
    3727.938465955541,
    3729.472791701951,
    3730.187320676354,
    3731.075159248373,
    3731.652937302642,
    3732.847475613412,
    3733.671696807126,
    3735.007644637012,
    3736.462855616984,
    3737.42670278495,
    3737.847779331929,
    3738.588055467694,
    3739.83169066013,
    3740.875153687164,
    3741.92507934868,
    3742.485013546845,
    3743.859616211629,
    3744.846671965054,
    3746.135972512802,
    3746.840953103114,
    3747.997127044579,
    3748.752860722957,
    3749.672707911019,
    3750.303158431206,
    3751.164644510358,
    3753.186449129888,
    3753.946989066386,
    3754.507321882975,
    3755.922818842413,
    3756.524972712017,
    3757.48143984981,
    3758.69642629633,
    3759.359216675578,
    3760.582729132617,
    3761.085334951763,
    3762.475079096339,
    3763.999842697677,
    3764.644280169985,
    3765.746026064096,
    3766.455967531821,
    3766.872421484278,
    3768.338640155955,
    3769.293394313007,
    3770.105497899101,
    3771.728992761721,
    3772.51233121744,
    3773.467327740988,
    3773.941580304985,
    3775.752711840116,
    3776.258807342244
  ]
}