{
  "t_center": 2118.308694211159,
  "radius": 55.0,
  "step": 0.1,
  "dps": 30,
  "zeros": [
    2064.304867699634,
    2065.832672281911,
    2066.985229377985,
    2068.34563852737,
    2068.669941082812,
    2070.504717593446,
    2071.377083169758,
    2071.990454814761,
    2073.397603715768,
    2074.171064902152,
    2075.028065544832,
    2077.117570136877,
    2078.155484639215,
    2078.939288114877,
    2079.567628461893,
    2080.910343457561,
    2081.799686563577,
    2083.300276858828,
    2083.779992550168,
    2085.389813692286,
    2086.580318534381,
    2087.473340987858,
    2088.712281198733,
    2090.036206757017,
    2090.447550027416,
    2091.221580661131,
    2092.473218110072,
    2094.335917468632,
    2095.138256660295,
    2096.346529979252,
    2097.371606357193,
    2097.951922199887,
    2099.311651265061,
    2100.593745236862,
    2101.135489459109,
    2102.535100215297,
    2103.390454808714,
    2105.3722065918,
    2105.994704339286,
    2107.172362432443,
    2107.617911407514,
    2108.938384889016,
    2109.963143181268,
    2110.822371848132,
    2112.907087523191,
    2113.483966448431,
    2114.39613732589,
    2115.506602794684,
    2116.900056068394,
    2117.722399441363,
    2118.618646217029,
    2119.45642846894,
    2120.691562591844,
    2122.465151174928,
    2123.344042303463,
    2124.370368737569,
    2125.512400029152,
    2125.958784840373,
    2126.975711192558,
    2128.752290554263,
    2129.406080228328,
    2130.555102283236,
    2132.080620992942,
    2132.798516467884,
    2134.154933985038,
    2134.950772504316,
    2136.086897524703,
    2136.967470548472,
    2137.509940525911,
    2139.380759985201,
    2140.949362639097,
    2141.71003596039,
    2142.355043196036,
    2143.374444180537,
    2144.895337431361,
    2145.505753734181,
    2146.625894475512,
    2147.785367345631,
    2149.151849382889,
    2149.910639858103,
    2151.776885116465,
    2152.39022659692,
    2153.011964165386,
    2154.26362395232,
    2154.935345848226,
    2156.394727255682,
    2157.856489565354,
    2158.878072291083,
    2159.902286017171,
    2160.853062328184,
    2161.692172189209,
    2163.107122285733,
    2164.049720356357,
    2165.011437174314,
    2165.503949023376,
    2167.693444254747,
    2168.890615851854,
    2169.263829283365,
    2170.787074973015,
    2171.396361926495,
    2172.250962827517
  ]
}