{
  "t_center": 3141.396116418475,
  "radius": 55.0,
  "step": 0.1,
  "dps": 30,
  "zeros": [
    3087.018815358645,
    3088.08343704204,
    3089.222308944518,
    3090.282194902935,
    3091.154469698494,
    3092.687667040027,
    3093.185445717524,
    3094.833068430116,
    3095.132031239454,
    3096.515485512937,
    3097.342606530991,
    3098.038354972965,
    3098.758089848813,
    3101.079373086579,
    3101.657370790145,
    3102.436089122718,
    3103.589916059588,
    3104.362546341634,
    3105.391402369858,
    3106.396352646056,
    3107.484255857024,
    3108.303596266206,
    3109.533099790357,
    3110.557200380325,
    3111.92072771409,
    3112.840737859373,
    3113.755213669487,
    3114.473416203572,
    3115.002672413545,
    3116.720450815901,
    3117.269723386899,
    3118.955013666125,
    3119.957556604339,
    3120.986214975677,
    3121.337219762926,
    3122.610128875348,
    3124.15022516433,
    3124.525922645768,
    3125.37444147211,
    3126.45011643482,
    3127.693012373443,
    3129.468612609748,
    3129.79620550542,
    3130.877663729774,
    3131.861090216302,
    3132.698331366238,
    3133.398883822981,
    3134.635445901257,
    3136.015560752042,
    3137.175172666932,
    3137.613495212023,
    3139.049508498466,
    3140.138494141052,
    3141.00117482824,
    3141.748032542884,
    3142.979456728039,
    3143.567499183579,
    3144.490488145513,
    3146.283528375944,
    3147.34460662553,
    3148.379041870468,
    3148.861228783807,
    3149.771738698991,
    3150.824652722364,
    3152.151059465737,
    3152.994559995644,
    3153.596976529534,
    3155.31210821767,
    3156.300357949571,
    3156.905761454446,
    3158.578287707936,
    3159.265204659911,
    3159.804097579087,
    3161.061912577755,
    3161.402435207892,
    3163.311959557827,
    3164.35053132093,
    3165.54059789383,
    3166.139586713599,
    3167.121094757281,
    3168.197515713895,
    3169.179764607857,
    3170.014131565626,
    3171.343958069062,
    3171.837774346068,
    3173.011633917278,
    3174.815385976386,
    3175.528722743696,
    3176.480343516462,
    3176.915636009213,
    3178.371705005001,
    3178.902595536047,
    3180.011213372894,
    3181.328501713207,
    3182.839446920271,
    3183.205673345927,
    3184.451499960333,
    3185.214344580111,
    3186.545869429538,
    3187.646162708373,
    3188.055482329446,
    3188.877460714955,
    3190.168661962153,
    3191.706256362774,
    3192.681791617887,
    3193.557208472454,
    3194.786707378558,
    3195.32669992921,
    3195.793895633893
  ]
}