{
  "t_center": 3088.1447144122826,
  "radius": 12.0,
  "step": 0.2,
  "dps": 30,
  "zeros": [
    3077.427473306812,
    3078.28622691797,
    3078.897379147135,
    3079.871394642813,
    3080.856382341973,
    3082.163163759072,
    3083.361357990431,
    3084.838451504294,
    3085.377268993634,
    3085.965522259311,
    3087.018815358645,
    3088.08343704204,
    3089.222308944518,
    3090.282194902935,
    3091.154469698494,
    3092.687667040027,
    3093.185445717524,
    3094.833068430116,
    3095.132031239454,
    3096.515485512937,
    3097.342606530991,
    3098.038354972965,
    3098.758089848813
  ]
}