{
  "t_center": 3088.1447144122826,
  "radius": 55.0,
  "step": 0.1,
  "dps": 30,
  "zeros": [
    3033.218123972953,
    3034.360907192327,
    3035.074103947538,
    3036.133113238208,
    3037.980383590469,
    3039.03365104421,
    3039.521601571572,
    3040.50042756466,
    3041.2568035495,
    3042.653049854131,
    3043.67054162177,
    3044.055127981915,
    3046.050030224877,
    3046.454504219289,
    3047.70881764089,
    3048.922632490405,
    3050.019676757212,
    3050.801233315721,
    3051.342383341481,
    3052.476848524261,
    3053.348265936952,
    3054.986520866537,
    3056.242923309731,
    3056.765138112965,
    3058.013703009702,
    3058.901494693165,
    3059.437861758112,
    3061.062700117591,
    3061.837584445268,
    3062.72687316464,
    3063.435086485018,
    3065.286555585297,
    3066.320250404096,
    3067.071320241176,
    3068.013501341796,
    3068.984266185526,
    3069.782904779768,
    3070.542621549808,
    3072.000993377916,
    3073.185237779943,
    3074.52349428521,
    3075.03387287741,
    3075.833479242464,
    3077.427473306812,
    3078.28622691797,
    3078.897379147135,
    3079.871394642813,
    3080.856382341973,
    3082.163163759072,
    3083.361357990431,
    3084.838451504294,
    3085.377268993634,
    3085.965522259311,
    3087.018815358645,
    3088.08343704204,
    3089.222308944518,
    3090.282194902935,
    3091.154469698494,
    3092.687667040027,
    3093.185445717524,
    3094.833068430116,
    3095.132031239454,
    3096.515485512937,
    3097.342606530991,
    3098.038354972965,
    3098.758089848813,
    3101.079373086579,
    3101.657370790145,
    3102.436089122718,
    3103.589916059588,
    3104.362546341634,
    3105.391402369858,
    3106.396352646056,
    3107.484255857024,
    3108.303596266206,
    3109.533099790357,
    3110.557200380325,
    3111.92072771409,
    3112.840737859373,
    3113.755213669487,
    3114.473416203572,
    3115.002672413545,
    3116.720450815901,
    3117.269723386899,
    3118.955013666125,
    3119.957556604339,
    3120.986214975677,
    3121.337219762926,
    3122.610128875348,
    3124.15022516433,
    3124.525922645768,
    3125.37444147211,
    3126.45011643482,
    3127.693012373443,
    3129.468612609748,
    3129.79620550542,
    3130.877663729774,
    3131.861090216302,
    3132.698331366238,
    3133.398883822981,
    3134.635445901257,
    3136.015560752042,
    3137.175172666932,
    3137.613495212023,
    3139.049508498466,
    3140.138494141052,
    3141.00117482824,
    3141.748032542884,
    3142.979456728039
  ]
}