{
  "t_center": 3141.396116418475,
  "radius": 12.0,
  "step": 0.2,
  "dps": 30,
  "zeros": [
    3129.468612609748,
    3129.79620550542,
    3130.877663729774,
    3131.861090216302,
    3132.698331366238,
    3133.398883822981,
    3134.635445901257,
    3136.015560752042,
    3137.175172666932,
    3137.613495212023,
    3139.049508498466,
    3140.138494141052,
    3141.00117482824,
    3141.748032542884,
    3142.979456728039,
    3143.567499183579,
    3144.490488145513,
    3146.283528375944,
    3147.34460662553,
    3148.379041870468,
    3148.861228783807,
    3149.771738698991,
    3150.824652722364,
    3152.151059465737,
    3152.994559995644
  ]
}